{
  "neo_hookean": {
    "mu_low_strain": 0.21045825797640558,
    "mu_full": 0.3970170782661546,
    "R2": 0.9555677404998223
  },
  "mooney_rivlin": {
    "C10": 0.2515108532679476,
    "C01": -0.3708564920806217,
    "R2": 0.9983598984405299
  },
  "yeoh": {
    "C1": 0.12108767138096416,
    "C2": 0.0011291858704592403,
    "C3": -4.502669018791428e-06,
    "R2": 0.9977460221025023
  },
  "recommended_model": "yeoh",
  "bulk_modulus_MPa": 21.045825797640557,
  "density_kg_m3": 1070,
  "poisson_ratio": 0.4999
}